"Title";"5' breakpoint";"3' breakpoint";"Freq";"Freq For";"Freq Rev";"5' Blast";"3' Blast";"5' Depth";"3' Depth";"Repetition"
"PRO-93_IX18";"7069";"14897";"0,00464978933512";"0,00309071240921";"0,00620886626102";"1";"1";"6471.0";"8053.0";"7070-C-7070 <> 14897-C-14897"
"PRO-93_IX18";"7322";"13416";"0,00434457840929";"0,00488860953977";"0,00380054727881";"1";"1";"7955.0";"6578.0";"none"
"PRO-93_IX18";"7398";"14716";"5,13556883577";"10,0";"0,271137671536";"5";"7";"25.0";"2259.0";"7399-CC-7400 <> 14716-CC-14717"
"PRO-93_IX18";"8023";"11423";"0,0193699601423";"0,0241814576583";"0,0145584626263";"10";"2";"10672.0";"4974.0";"8024-GAAGCCCCCAT-8034 <> 11423-GAAGCCCCCAT-11433"
"PRO-93_IX18";"8290";"13144";"0,0160566761419";"0,018468926032";"0,0136444262519";"2";"2";"4998.0";"4886.0";"8291-AGCCCACT-8298 <> 13144-AGCCCACT-13151"
"PRO-93_IX18";"9389";"12050";"0,0332539025311";"0,00623052959502";"0,0602772754671";"1";"2";"5350.0";"3318.0";"9390-ACACGAGAAA-9399 <> 12050-ACACGAGAAA-12059"
"PRO-93_IX18";"9485";"13723";"0,0861024412783";"0,0255773165741";"0,146627565982";"3";"2";"7464.0";"1364.0";"9486-TTCGCAGGATTT-9497 <> 13723-TTCGCAGGATTT-13734"
"PRO-93_IX18";"9877";"14596";"0,113058538517";"0,00834704219082";"0,217770034843";"3";"5";"15133.0";"1968.0";"9874-AAT-9876 <> 14594-AAT-14596"
"PRO-93_IX18";"10746";"14298";"0,0154790735879";"0,00404749055586";"0,02691065662";"1";"1";"7412.0";"1858.0";"10747-T-10747 <> 14298-T-14298"
"PRO-93_IX18";"11318";"13547";"0,046245693968";"0,0298935788593";"0,0625978090767";"6";"4";"8363.0";"5112.0";"11319-CAAAC-11323 <> 13547-CAAAC-13551"
